id_key,Name,S3Path,Footprint,GeoFootprint,cloud_cover,path,processing_baseline,valid_pixel
S2A_MSIL1C_20210903T102021_N0500_R065_T32TMR,S2A_MSIL1C_20210903T102021_N0500_R065_T32TMR_20230118T091148.SAFE,s3://eodata/Sentinel-2/MSI/L1C_N0500/2021/09/03/S2A_MSIL1C_20210903T102021_N0500_R065_T32TMR_20230118T091148.SAFE,"geography'SRID=4326;POLYGON ((7.70695108472353 46.0462596089832, 7.72941642306786 45.0581916702363, 9.12397449851132 45.0651927065434, 9.12616723722405 46.0535047357316, 7.70695108472353 46.0462596089832))'","{'type': 'Polygon', 'coordinates': [[[7.70695108472353, 46.0462596089832], [7.72941642306786, 45.0581916702363], [9.12397449851132, 45.0651927065434], [9.12616723722405, 46.0535047357316], [7.70695108472353, 46.0462596089832]]]}",29.0397145331303,/mnt/disk/dataset/sentinel-ai-processor/V3/train/input/S2A_MSIL1C_20210903T102021_N0500_R065_T32TMR_20230118T091148,500,100.0
S2B_MSIL1C_20180702T104019_N0500_R008_T31TFM,S2B_MSIL1C_20180702T104019_N0500_R008_T31TFM_20230712T092804.SAFE,s3://eodata/Sentinel-2/MSI/L1C_N0500/2018/07/02/S2B_MSIL1C_20180702T104019_N0500_R008_T31TFM_20230712T092804.SAFE,"geography'SRID=4326;POLYGON ((4.31403528037438 46.9461682539754, 4.29048406872727 45.9582645183917, 5.70625433304514 45.9334965048851, 5.75558491606423 46.9205363881921, 4.31403528037438 46.9461682539754))'","{'type': 'Polygon', 'coordinates': [[[4.31403528037438, 46.9461682539754], [4.29048406872727, 45.9582645183917], [5.70625433304514, 45.9334965048851], [5.75558491606423, 46.9205363881921], [4.31403528037438, 46.9461682539754]]]}",4.90444623607752,/mnt/disk/dataset/sentinel-ai-processor/V3/train/input/S2B_MSIL1C_20180702T104019_N0500_R008_T31TFM_20230712T092804,500,100.0
S2B_MSIL1C_20180726T102019_N0500_R065_T32UPA,S2B_MSIL1C_20180726T102019_N0500_R065_T32UPA_20230811T100329.SAFE,s3://eodata/Sentinel-2/MSI/L1C_N0500/2018/07/26/S2B_MSIL1C_20180726T102019_N0500_R065_T32UPA_20230811T100329.SAFE,"geography'SRID=4326;POLYGON ((10.4113495060493 50.5437391742884, 10.382684363173 49.5564944519631, 11.8993596884542 49.5284182944309, 11.9593860762896 50.5146700159563, 10.4113495060493 50.5437391742884))'","{'type': 'Polygon', 'coordinates': [[[10.4113495060493, 50.5437391742884], [10.382684363173, 49.5564944519631], [11.8993596884542, 49.5284182944309], [11.9593860762896, 50.5146700159563], [10.4113495060493, 50.5437391742884]]]}",9.15079578369017,/mnt/disk/dataset/sentinel-ai-processor/V3/train/input/S2B_MSIL1C_20180726T102019_N0500_R065_T32UPA_20230811T100329,500,100.0
S2B_MSIL1C_20210815T103629_N0500_R008_T31UFP,S2B_MSIL1C_20210815T103629_N0500_R008_T31UFP_20230213T010008.SAFE,s3://eodata/Sentinel-2/MSI/L1C_N0500/2021/08/15/S2B_MSIL1C_20210815T103629_N0500_R008_T31UFP_20230213T010008.SAFE,"geography'SRID=4326;POLYGON ((4.36027924628366 48.7449841116978, 4.3343313489668 47.7574097373474, 5.79809471530293 47.7310444777451, 5.85243870847307 48.7176947511785, 4.36027924628366 48.7449841116978))'","{'type': 'Polygon', 'coordinates': [[[4.36027924628366, 48.7449841116978], [4.3343313489668, 47.7574097373474], [5.79809471530293, 47.7310444777451], [5.85243870847307, 48.7176947511785], [4.36027924628366, 48.7449841116978]]]}",23.423601779688905,/mnt/disk/dataset/sentinel-ai-processor/V3/train/input/S2B_MSIL1C_20210815T103629_N0500_R008_T31UFP_20230213T010008,500,100.0
S2A_MSIL1C_20191206T103421_N0500_R108_T31TGL,S2A_MSIL1C_20191206T103421_N0500_R108_T31TGL_20230626T030612.SAFE,s3://eodata/Sentinel-2/MSI/L1C_N0500/2019/12/06/S2A_MSIL1C_20191206T103421_N0500_R108_T31TGL_20230626T030612.SAFE,"geography'SRID=4326;POLYGON ((5.58354883959714 46.0243650756893, 5.53870686346421 45.0370344030641, 6.93003339104157 44.997587612457, 6.99932055993755 45.9835452069264, 5.58354883959714 46.0243650756893))'","{'type': 'Polygon', 'coordinates': [[[5.58354883959714, 46.0243650756893], [5.53870686346421, 45.0370344030641], [6.93003339104157, 44.997587612457], [6.99932055993755, 45.9835452069264], [5.58354883959714, 46.0243650756893]]]}",1.27196990056436,/mnt/disk/dataset/sentinel-ai-processor/V3/train/input/S2A_MSIL1C_20191206T103421_N0500_R108_T31TGL_20230626T030612,500,100.0
S2A_MSIL1C_20210419T103021_N0500_R108_T31TGM,S2A_MSIL1C_20210419T103021_N0500_R108_T31TGM_20230522T074356.SAFE,s3://eodata/Sentinel-2/MSI/L1C_N0500/2021/04/19/S2A_MSIL1C_20210419T103021_N0500_R108_T31TGM_20230522T074356.SAFE,"geography'SRID=4326;POLYGON ((5.62648535527944 46.9235730583036, 5.57945945555527 45.9364308730675, 6.99300216654522 45.8957352519379, 7.06565713269579 46.8814596616377, 5.62648535527944 46.9235730583036))'","{'type': 'Polygon', 'coordinates': [[[5.62648535527944, 46.9235730583036], [5.57945945555527, 45.9364308730675], [6.99300216654522, 45.8957352519379], [7.06565713269579, 46.8814596616377], [5.62648535527944, 46.9235730583036]]]}",15.1760578100272,/mnt/disk/dataset/sentinel-ai-processor/V3/train/input/S2A_MSIL1C_20210419T103021_N0500_R108_T31TGM_20230522T074356,500,100.0
S2B_MSIL1C_20240228T102859_N0510_R108_T32UMV,S2B_MSIL1C_20240228T102859_N0510_R108_T32UMV_20240228T123015.SAFE,s3://eodata/Sentinel-2/MSI/L1C/2024/02/28/S2B_MSIL1C_20240228T102859_N0510_R108_T32UMV_20240228T123015.SAFE,"geography'SRID=4326;POLYGON ((7.614272368185703 49.64443007346099, 7.64154622508021 48.6570207750582, 9.132551327123652 48.66495515183609, 9.135213595780941 49.65264386875175, 7.614272368185703 49.64443007346099))'","{'type': 'Polygon', 'coordinates': [[[7.614272368185703, 49.64443007346099], [7.64154622508021, 48.6570207750582], [9.132551327123652, 48.66495515183609], [9.135213595780941, 49.65264386875175], [7.614272368185703, 49.64443007346099]]]}",28.764549553585,/mnt/disk/dataset/sentinel-ai-processor/V3/train/input/S2B_MSIL1C_20240228T102859_N0510_R108_T32UMV_20240228T123015,510,100.0
S2B_MSIL1C_20210610T101559_N0500_R065_T32TMR,S2B_MSIL1C_20210610T101559_N0500_R065_T32TMR_20230321T010521.SAFE,s3://eodata/Sentinel-2/MSI/L1C_N0500/2021/06/10/S2B_MSIL1C_20210610T101559_N0500_R065_T32TMR_20230321T010521.SAFE,"geography'SRID=4326;POLYGON ((7.70695108472353 46.0462596089832, 7.72941642306786 45.0581916702363, 9.12397449851132 45.0651927065434, 9.12616723722405 46.0535047357316, 7.70695108472353 46.0462596089832))'","{'type': 'Polygon', 'coordinates': [[[7.70695108472353, 46.0462596089832], [7.72941642306786, 45.0581916702363], [9.12397449851132, 45.0651927065434], [9.12616723722405, 46.0535047357316], [7.70695108472353, 46.0462596089832]]]}",10.8609095523903,/mnt/disk/dataset/sentinel-ai-processor/V3/train/input/S2B_MSIL1C_20210610T101559_N0500_R065_T32TMR_20230321T010521,500,100.0
S2C_MSIL1C_20250121T104411_N0511_R008_T31UFR,S2C_MSIL1C_20250121T104411_N0511_R008_T31UFR_20250121T111407.SAFE,s3://eodata/Sentinel-2/MSI/L1C/2025/01/21/S2C_MSIL1C_20250121T104411_N0511_R008_T31UFR_20250121T111407.SAFE,"geography'SRID=4326;POLYGON ((4.411349506049253 50.543739174288454, 4.382684363173013 49.55649445196309, 5.899359688454207 49.52841829443089, 5.959386076289571 50.5146700159563, 4.411349506049253 50.543739174288454))'","{'type': 'Polygon', 'coordinates': [[[4.411349506049253, 50.543739174288454], [4.382684363173013, 49.55649445196309], [5.899359688454207, 49.52841829443089], [5.959386076289571, 50.5146700159563], [4.411349506049253, 50.543739174288454]]]}",28.071277135776,/mnt/disk/dataset/sentinel-ai-processor/V3/train/input/S2C_MSIL1C_20250121T104411_N0511_R008_T31UFR_20250121T111407,511,100.0
S2A_MSIL1C_20190222T104041_N0500_R008_T31UFP,S2A_MSIL1C_20190222T104041_N0500_R008_T31UFP_20221126T213356.SAFE,s3://eodata/Sentinel-2/MSI/L1C_N0500/2019/02/22/S2A_MSIL1C_20190222T104041_N0500_R008_T31UFP_20221126T213356.SAFE,"geography'SRID=4326;POLYGON ((4.36027924628366 48.7449841116978, 4.3343313489668 47.7574097373474, 5.79809471530293 47.7310444777451, 5.85243870847307 48.7176947511785, 4.36027924628366 48.7449841116978))'","{'type': 'Polygon', 'coordinates': [[[4.36027924628366, 48.7449841116978], [4.3343313489668, 47.7574097373474], [5.79809471530293, 47.7310444777451], [5.85243870847307, 48.7176947511785], [4.36027924628366, 48.7449841116978]]]}",6.4966406879871,/mnt/disk/dataset/sentinel-ai-processor/V3/train/input/S2A_MSIL1C_20190222T104041_N0500_R008_T31UFP_20221126T213356,500,100.0
S2B_MSIL1C_20250113T103309_N0511_R108_T32ULU,S2B_MSIL1C_20250113T103309_N0511_R108_T32ULU_20250113T122458.SAFE,s3://eodata/Sentinel-2/MSI/L1C/2025/01/13/S2B_MSIL1C_20250113T103309_N0511_R108_T32ULU_20250113T122458.SAFE,"geography'SRID=4326;POLYGON ((6.280641504771698 48.7209148694678, 6.332457670261361 47.734155602346505, 7.796401702235196 47.75885537254857, 7.772994464211592 48.74648044472784, 6.280641504771698 48.7209148694678))'","{'type': 'Polygon', 'coordinates': [[[6.280641504771698, 48.7209148694678], [6.332457670261361, 47.734155602346505], [7.796401702235196, 47.75885537254857], [7.772994464211592, 48.74648044472784], [6.280641504771698, 48.7209148694678]]]}",5.637134581504,/mnt/disk/dataset/sentinel-ai-processor/V3/train/input/S2B_MSIL1C_20250113T103309_N0511_R108_T32ULU_20250113T122458,511,100.0
S2B_MSIL1C_20231227T102339_N0510_R065_T32TNS,S2B_MSIL1C_20231227T102339_N0510_R065_T32TNS_20231227T111215.SAFE,s3://eodata/Sentinel-2/MSI/L1C/2023/12/27/S2B_MSIL1C_20231227T102339_N0510_R065_T32TNS_20231227T111215.SAFE,"geography'SRID=4326;POLYGON ((8.999737157562214 46.95370917921326, 8.999741870046797 45.96555114851635, 10.41665610160656 45.95676985907581, 10.44250809794547 46.94462144140276, 8.999737157562214 46.95370917921326))'","{'type': 'Polygon', 'coordinates': [[[8.999737157562214, 46.95370917921326], [8.999741870046797, 45.96555114851635], [10.41665610160656, 45.95676985907581], [10.44250809794547, 46.94462144140276], [8.999737157562214, 46.95370917921326]]]}",24.91253844546,/mnt/disk/dataset/sentinel-ai-processor/V3/train/input/S2B_MSIL1C_20231227T102339_N0510_R065_T32TNS_20231227T111215,510,100.0
S2B_MSIL1C_20190214T103129_N0500_R108_T31TGM,S2B_MSIL1C_20190214T103129_N0500_R108_T31TGM_20221212T225123.SAFE,s3://eodata/Sentinel-2/MSI/L1C_N0500/2019/02/14/S2B_MSIL1C_20190214T103129_N0500_R108_T31TGM_20221212T225123.SAFE,"geography'SRID=4326;POLYGON ((5.62648535527944 46.9235730583036, 5.57945945555527 45.9364308730675, 6.99300216654522 45.8957352519379, 7.06565713269579 46.8814596616377, 5.62648535527944 46.9235730583036))'","{'type': 'Polygon', 'coordinates': [[[5.62648535527944, 46.9235730583036], [5.57945945555527, 45.9364308730675], [6.99300216654522, 45.8957352519379], [7.06565713269579, 46.8814596616377], [5.62648535527944, 46.9235730583036]]]}",0.0,/mnt/disk/dataset/sentinel-ai-processor/V3/train/input/S2B_MSIL1C_20190214T103129_N0500_R108_T31TGM_20221212T225123,500,100.0
S2B_MSIL1C_20241022T101959_N0511_R065_T32TNR,S2B_MSIL1C_20241022T101959_N0511_R065_T32TNR_20241022T125843.SAFE,s3://eodata/Sentinel-2/MSI/L1C/2024/10/22/S2B_MSIL1C_20241022T101959_N0511_R065_T32TNR_20241022T125843.SAFE,"geography'SRID=4326;POLYGON ((8.99974146026188 46.05357436995249, 8.999745953598584 45.06525999447365, 10.394253870988432 45.05674859305782, 10.41890414435335 46.044766226835556, 8.99974146026188 46.05357436995249))'","{'type': 'Polygon', 'coordinates': [[[8.99974146026188, 46.05357436995249], [8.999745953598584, 45.06525999447365], [10.394253870988432, 45.05674859305782], [10.41890414435335, 46.044766226835556], [8.99974146026188, 46.05357436995249]]]}",13.823165815641,/mnt/disk/dataset/sentinel-ai-processor/V3/train/input/S2B_MSIL1C_20241022T101959_N0511_R065_T32TNR_20241022T125843,511,100.0
S2B_MSIL1C_20220715T101559_N0510_R065_T32TNT,S2B_MSIL1C_20220715T101559_N0510_R065_T32TNT_20240723T203442.SAFE,s3://eodata/Sentinel-2/MSI/L1C_N0500/2022/07/15/S2B_MSIL1C_20220715T101559_N0510_R065_T32TNT_20240723T203442.SAFE,"geography'SRID=4326;POLYGON ((8.999732642342602 47.85370184248753, 8.99973758744939 46.86569987335423, 10.440149824410023 46.85663988190739, 10.467277376768235 47.844325046514086, 8.999732642342602 47.85370184248753))'","{'type': 'Polygon', 'coordinates': [[[8.999732642342602, 47.85370184248753], [8.99973758744939, 46.86569987335423], [10.440149824410023, 46.85663988190739], [10.467277376768235, 47.844325046514086], [8.999732642342602, 47.85370184248753]]]}",20.4276926752068,/mnt/disk/dataset/sentinel-ai-processor/V3/train/input/S2B_MSIL1C_20220715T101559_N0510_R065_T32TNT_20240723T203442,510,100.0
S2A_MSIL1C_20230903T101601_N0510_R065_T32TNS,S2A_MSIL1C_20230903T101601_N0510_R065_T32TNS_20241023T074325.SAFE,s3://eodata/Sentinel-2/MSI/L1C_N0500/2023/09/03/S2A_MSIL1C_20230903T101601_N0510_R065_T32TNS_20241023T074325.SAFE,"geography'SRID=4326;POLYGON ((8.999737157562214 46.953709179213256, 8.999741870046797 45.965551148516354, 10.416656101606561 45.956769859075806, 10.442508097945465 46.94462144140276, 8.999737157562214 46.953709179213256))'","{'type': 'Polygon', 'coordinates': [[[8.999737157562214, 46.953709179213256], [8.999741870046797, 45.965551148516354], [10.416656101606561, 45.956769859075806], [10.442508097945465, 46.94462144140276], [8.999737157562214, 46.953709179213256]]]}",22.9226014512228,/mnt/disk/dataset/sentinel-ai-processor/V3/train/input/S2A_MSIL1C_20230903T101601_N0510_R065_T32TNS_20241023T074325,510,100.0
S2B_MSIL1C_20181219T104439_N0500_R008_T31TFN,S2B_MSIL1C_20181219T104439_N0500_R008_T31TFN_20230727T012207.SAFE,s3://eodata/Sentinel-2/MSI/L1C_N0500/2018/12/19/S2B_MSIL1C_20181219T104439_N0500_R008_T31TFN_20230727T012207.SAFE,"geography'SRID=4326;POLYGON ((4.33660021997006 47.8459210520889, 4.31188688551243 46.8581819724645, 5.75108499862016 46.8326283192514, 5.80284668292451 47.8194744029593, 4.33660021997006 47.8459210520889))'","{'type': 'Polygon', 'coordinates': [[[4.33660021997006, 47.8459210520889], [4.31188688551243, 46.8581819724645], [5.75108499862016, 46.8326283192514], [5.80284668292451, 47.8194744029593], [4.33660021997006, 47.8459210520889]]]}",12.6792080981815,/mnt/disk/dataset/sentinel-ai-processor/V3/train/input/S2B_MSIL1C_20181219T104439_N0500_R008_T31TFN_20230727T012207,500,100.0
S2A_MSIL1C_20190616T102031_N0500_R065_T32TNR,S2A_MSIL1C_20190616T102031_N0500_R065_T32TNR_20230722T182148.SAFE,s3://eodata/Sentinel-2/MSI/L1C_N0500/2019/06/16/S2A_MSIL1C_20190616T102031_N0500_R065_T32TNR_20230722T182148.SAFE,"geography'SRID=4326;POLYGON ((8.99974146026188 46.0535743699525, 8.99974595359858 45.0652599944736, 10.3942538709884 45.0567485930578, 10.4189041443534 46.0447662268356, 8.99974146026188 46.0535743699525))'","{'type': 'Polygon', 'coordinates': [[[8.99974146026188, 46.0535743699525], [8.99974595359858, 45.0652599944736], [10.3942538709884, 45.0567485930578], [10.4189041443534, 46.0447662268356], [8.99974146026188, 46.0535743699525]]]}",2.58425154528353,/mnt/disk/dataset/sentinel-ai-processor/V3/train/input/S2A_MSIL1C_20190616T102031_N0500_R065_T32TNR_20230722T182148,500,100.0
S2B_MSIL1C_20200708T102559_N0500_R108_T32TLT,S2B_MSIL1C_20200708T102559_N0500_R108_T32TLT_20230528T041416.SAFE,s3://eodata/Sentinel-2/MSI/L1C_N0500/2020/07/08/S2B_MSIL1C_20200708T102559_N0500_R108_T32TLT_20230528T041416.SAFE,"geography'SRID=4326;POLYGON ((6.32792675946482 47.8225951273107, 6.37728036216783 46.8356437141635, 7.81664846691532 46.8595830838483, 7.79435498889108 47.8473711523488, 6.32792675946482 47.8225951273107))'","{'type': 'Polygon', 'coordinates': [[[6.32792675946482, 47.8225951273107], [6.37728036216783, 46.8356437141635], [7.81664846691532, 46.8595830838483], [7.79435498889108, 47.8473711523488], [6.32792675946482, 47.8225951273107]]]}",13.835050315028798,/mnt/disk/dataset/sentinel-ai-processor/V3/train/input/S2B_MSIL1C_20200708T102559_N0500_R108_T32TLT_20230528T041416,500,100.0
S2A_MSIL1C_20180115T103351_N0500_R108_T32TLR,S2A_MSIL1C_20180115T103351_N0500_R108_T32TLR_20230919T115205.SAFE,s3://eodata/Sentinel-2/MSI/L1C_N0500/2018/01/15/S2A_MSIL1C_20180115T103351_N0500_R108_T32TLR_20230919T115205.SAFE,"geography'SRID=4326;POLYGON ((6.41593487960282 46.0243533962901, 6.46078579300118 45.0370231168043, 7.85436546452027 45.0595136000494, 7.83410808972231 46.0476276229589, 6.41593487960282 46.0243533962901))'","{'type': 'Polygon', 'coordinates': [[[6.41593487960282, 46.0243533962901], [6.46078579300118, 45.0370231168043], [7.85436546452027, 45.0595136000494], [7.83410808972231, 46.0476276229589], [6.41593487960282, 46.0243533962901]]]}",10.6064677953955,/mnt/disk/dataset/sentinel-ai-processor/V3/train/input/S2A_MSIL1C_20180115T103351_N0500_R108_T32TLR_20230919T115205,500,100.0
S2B_MSIL1C_20231106T105139_N0509_R051_T31UER,S2B_MSIL1C_20231106T105139_N0509_R051_T31UER_20231106T114059.SAFE,s3://eodata/Sentinel-2/MSI/L1C/2023/11/06/S2B_MSIL1C_20231106T105139_N0509_R051_T31UER_20231106T114059.SAFE,"geography'SRID=4326;POLYGON ((2.999717684492138 50.55229211062575, 2.999723420696887 49.56475500000651, 4.517863127544896 49.55480005728169, 4.549328146735863 50.54198481807332, 2.999717684492138 50.55229211062575))'","{'type': 'Polygon', 'coordinates': [[[2.999717684492138, 50.55229211062575], [2.999723420696887, 49.56475500000651], [4.517863127544896, 49.55480005728169], [4.549328146735863, 50.54198481807332], [2.999717684492138, 50.55229211062575]]]}",28.763146107677,/mnt/disk/dataset/sentinel-ai-processor/V3/train/input/S2B_MSIL1C_20231106T105139_N0509_R051_T31UER_20231106T114059,509,100.0
S2B_MSIL1C_20190329T104029_N0500_R008_T31TFL,S2B_MSIL1C_20190329T104029_N0500_R008_T31TFL_20221119T164017.SAFE,s3://eodata/Sentinel-2/MSI/L1C_N0500/2019/03/29/S2B_MSIL1C_20190329T104029_N0500_R008_T31TFL_20221119T164017.SAFE,"geography'SRID=4326;POLYGON ((4.2925320358333 46.0462654563034, 4.27007567177748 45.0581973205829, 5.66350420776855 45.034190140253, 5.71054414759772 46.0214217425096, 4.2925320358333 46.0462654563034))'","{'type': 'Polygon', 'coordinates': [[[4.2925320358333, 46.0462654563034], [4.27007567177748, 45.0581973205829], [5.66350420776855, 45.034190140253], [5.71054414759772, 46.0214217425096], [4.2925320358333, 46.0462654563034]]]}",1.01412404072979,/mnt/disk/dataset/sentinel-ai-processor/V3/train/input/S2B_MSIL1C_20190329T104029_N0500_R008_T31TFL_20221119T164017,500,100.0
S2B_MSIL1C_20220715T101559_N0510_R065_T32UPU,S2B_MSIL1C_20220715T101559_N0510_R065_T32UPU_20240723T203442.SAFE,s3://eodata/Sentinel-2/MSI/L1C_N0500/2022/07/15/S2B_MSIL1C_20220715T101559_N0510_R065_T32UPU_20240723T203442.SAFE,"geography'SRID=4326;POLYGON ((10.360279246283664 48.74498411169783, 10.3343313489668 47.75740973734738, 11.798094715302927 47.73104447774509, 11.852438708473068 48.71769475117851, 10.360279246283664 48.74498411169783))'","{'type': 'Polygon', 'coordinates': [[[10.360279246283664, 48.74498411169783], [10.3343313489668, 47.75740973734738], [11.798094715302927, 47.73104447774509], [11.852438708473068, 48.71769475117851], [10.360279246283664, 48.74498411169783]]]}",9.84409806205023,/mnt/disk/dataset/sentinel-ai-processor/V3/train/input/S2B_MSIL1C_20220715T101559_N0510_R065_T32UPU_20240723T203442,510,100.0
S2A_MSIL1C_20230614T105031_N0509_R051_T31UEP,S2A_MSIL1C_20230614T105031_N0509_R051_T31UEP_20230614T143035.SAFE,s3://eodata/Sentinel-2/MSI/L1C/2023/06/14/S2A_MSIL1C_20230614T105031_N0509_R051_T31UEP_20230614T143035.SAFE,"geography'SRID=4326;POLYGON ((2.99972790410621 48.7530130044756, 2.99973309634492 47.7651665667219, 4.46478686693989 47.7558186458081, 4.4932694755772 48.7433372246506, 2.99972790410621 48.7530130044756))'","{'type': 'Polygon', 'coordinates': [[[2.99972790410621, 48.7530130044756], [2.99973309634492, 47.7651665667219], [4.46478686693989, 47.7558186458081], [4.4932694755772, 48.7433372246506], [2.99972790410621, 48.7530130044756]]]}",0.140045985248888,/mnt/disk/dataset/sentinel-ai-processor/V3/train/input/S2A_MSIL1C_20230614T105031_N0509_R051_T31UEP_20230614T143035,509,100.0
S2B_MSIL1C_20240714T101559_N0510_R065_T32TNT,S2B_MSIL1C_20240714T101559_N0510_R065_T32TNT_20240714T121840.SAFE,s3://eodata/Sentinel-2/MSI/L1C/2024/07/14/S2B_MSIL1C_20240714T101559_N0510_R065_T32TNT_20240714T121840.SAFE,"geography'SRID=4326;POLYGON ((8.999732642342602 47.85370184248753, 8.99973758744939 46.86569987335423, 10.440149824410023 46.85663988190739, 10.467277376768235 47.844325046514086, 8.999732642342602 47.85370184248753))'","{'type': 'Polygon', 'coordinates': [[[8.999732642342602, 47.85370184248753], [8.99973758744939, 46.86569987335423], [10.440149824410023, 46.85663988190739], [10.467277376768235, 47.844325046514086], [8.999732642342602, 47.85370184248753]]]}",22.012123383798,/mnt/disk/dataset/sentinel-ai-processor/V3/train/input/S2B_MSIL1C_20240714T101559_N0510_R065_T32TNT_20240714T121840,510,100.0
S2B_MSIL1C_20240624T101559_N0510_R065_T32UNV,S2B_MSIL1C_20240624T101559_N0510_R065_T32UNV_20240624T121913.SAFE,s3://eodata/Sentinel-2/MSI/L1C/2024/06/24/S2B_MSIL1C_20240624T101559_N0510_R065_T32UNV_20240624T121913.SAFE,"geography'SRID=4326;POLYGON ((8.999722922552593 49.65272281450567, 8.999728378048824 48.66503141156509, 10.49066964052278 48.65538534877128, 10.52059565372513 49.64273706516441, 8.999722922552593 49.65272281450567))'","{'type': 'Polygon', 'coordinates': [[[8.999722922552593, 49.65272281450567], [8.999728378048824, 48.66503141156509], [10.49066964052278, 48.65538534877128], [10.52059565372513, 49.64273706516441], [8.999722922552593, 49.65272281450567]]]}",19.043775568097,/mnt/disk/dataset/sentinel-ai-processor/V3/train/input/S2B_MSIL1C_20240624T101559_N0510_R065_T32UNV_20240624T121913,510,100.0
S2A_MSIL1C_20200915T101031_N0500_R022_T32TPR,S2A_MSIL1C_20200915T101031_N0500_R022_T32TPR_20230415T174104.SAFE,s3://eodata/Sentinel-2/MSI/L1C_N0500/2020/09/15/S2A_MSIL1C_20200915T101031_N0500_R022_T32TPR_20230415T174104.SAFE,"geography'SRID=4326;POLYGON ((10.2925320358333 46.0462654563034, 10.2700756717775 45.0581973205829, 11.6635042077685 45.034190140253, 11.7105441475977 46.0214217425096, 10.2925320358333 46.0462654563034))'","{'type': 'Polygon', 'coordinates': [[[10.2925320358333, 46.0462654563034], [10.2700756717775, 45.0581973205829], [11.6635042077685, 45.034190140253], [11.7105441475977, 46.0214217425096], [10.2925320358333, 46.0462654563034]]]}",15.6540655140494,/mnt/disk/dataset/sentinel-ai-processor/V3/train/input/S2A_MSIL1C_20200915T101031_N0500_R022_T32TPR_20230415T174104,500,100.0
S2B_MSIL1C_20201105T103229_N0500_R108_T32ULU,S2B_MSIL1C_20201105T103229_N0500_R108_T32ULU_20230302T024503.SAFE,s3://eodata/Sentinel-2/MSI/L1C_N0500/2020/11/05/S2B_MSIL1C_20201105T103229_N0500_R108_T32ULU_20230302T024503.SAFE,"geography'SRID=4326;POLYGON ((6.2806415047717 48.7209148694678, 6.33245767026136 47.7341556023465, 7.7964017022352 47.7588553725486, 7.77299446421159 48.7464804447278, 6.2806415047717 48.7209148694678))'","{'type': 'Polygon', 'coordinates': [[[6.2806415047717, 48.7209148694678], [6.33245767026136, 47.7341556023465], [7.7964017022352, 47.7588553725486], [7.77299446421159, 48.7464804447278], [6.2806415047717, 48.7209148694678]]]}",7.94723640598405,/mnt/disk/dataset/sentinel-ai-processor/V3/train/input/S2B_MSIL1C_20201105T103229_N0500_R108_T32ULU_20230302T024503,500,100.0
S2A_MSIL1C_20180518T104021_N0500_R008_T32ULA,S2A_MSIL1C_20180518T104021_N0500_R008_T32ULA_20230717T034142.SAFE,s3://eodata/Sentinel-2/MSI/L1C_N0500/2018/05/18/S2A_MSIL1C_20180518T104021_N0500_R008_T32ULA_20230717T034142.SAFE,"geography'SRID=4326;POLYGON ((6.17866751641768 50.5181000385215, 6.23590271024699 49.5317312078248, 7.75278304383875 49.5580339524127, 7.72692441602994 50.545333158636, 6.17866751641768 50.5181000385215))'","{'type': 'Polygon', 'coordinates': [[[6.17866751641768, 50.5181000385215], [6.23590271024699, 49.5317312078248], [7.75278304383875, 49.5580339524127], [7.72692441602994, 50.545333158636], [6.17866751641768, 50.5181000385215]]]}",5.6880169607931,/mnt/disk/dataset/sentinel-ai-processor/V3/train/input/S2A_MSIL1C_20180518T104021_N0500_R008_T32ULA_20230717T034142,500,100.0
S2B_MSIL1C_20180328T102019_N0500_R065_T32TMR,S2B_MSIL1C_20180328T102019_N0500_R065_T32TMR_20230910T144905.SAFE,s3://eodata/Sentinel-2/MSI/L1C_N0500/2018/03/28/S2B_MSIL1C_20180328T102019_N0500_R065_T32TMR_20230910T144905.SAFE,"geography'SRID=4326;POLYGON ((7.70695108472353 46.0462596089832, 7.72941642306786 45.0581916702363, 9.12397449851132 45.0651927065434, 9.12616723722405 46.0535047357316, 7.70695108472353 46.0462596089832))'","{'type': 'Polygon', 'coordinates': [[[7.70695108472353, 46.0462596089832], [7.72941642306786, 45.0581916702363], [9.12397449851132, 45.0651927065434], [9.12616723722405, 46.0535047357316], [7.70695108472353, 46.0462596089832]]]}",16.8569082385261,/mnt/disk/dataset/sentinel-ai-processor/V3/train/input/S2B_MSIL1C_20180328T102019_N0500_R065_T32TMR_20230910T144905,500,100.0
S2B_MSIL1C_20240812T104629_N0511_R051_T31UER,S2B_MSIL1C_20240812T104629_N0511_R051_T31UER_20240812T125104.SAFE,s3://eodata/Sentinel-2/MSI/L1C/2024/08/12/S2B_MSIL1C_20240812T104629_N0511_R051_T31UER_20240812T125104.SAFE,"geography'SRID=4326;POLYGON ((2.999717684492138 50.55229211062575, 2.999723420696887 49.564755000006514, 4.517863127544896 49.55480005728169, 4.549328146735863 50.541984818073324, 2.999717684492138 50.55229211062575))'","{'type': 'Polygon', 'coordinates': [[[2.999717684492138, 50.55229211062575], [2.999723420696887, 49.564755000006514], [4.517863127544896, 49.55480005728169], [4.549328146735863, 50.541984818073324], [2.999717684492138, 50.55229211062575]]]}",0.0,/mnt/disk/dataset/sentinel-ai-processor/V3/train/input/S2B_MSIL1C_20240812T104629_N0511_R051_T31UER_20240812T125104,511,100.0
S2C_MSIL1C_20241213T101451_N9905_R022_T32TPS,S2C_MSIL1C_20241213T101451_N9905_R022_T32TPS_20241213T121010.SAFE,s3://eodata/Sentinel-2/MSI/L1C/2024/12/13/S2C_MSIL1C_20241213T101451_N9905_R022_T32TPS_20241213T121010.SAFE,"geography'SRID=4326;POLYGON ((10.314035280374382 46.94616825397537, 10.290484068727272 45.95826451839171, 11.706254333045143 45.93349650488509, 11.755584916064224 46.920536388192055, 10.314035280374382 46.94616825397537))'","{'type': 'Polygon', 'coordinates': [[[10.314035280374382, 46.94616825397537], [10.290484068727272, 45.95826451839171], [11.706254333045143, 45.93349650488509], [11.755584916064224, 46.920536388192055], [10.314035280374382, 46.94616825397537]]]}",16.929140911941,/mnt/disk/dataset/sentinel-ai-processor/V3/train/input/S2C_MSIL1C_20241213T101451_N9905_R022_T32TPS_20241213T121010,9905,100.0
S2A_MSIL1C_20190107T102411_N0500_R065_T32TNR,S2A_MSIL1C_20190107T102411_N0500_R065_T32TNR_20221216T074126.SAFE,s3://eodata/Sentinel-2/MSI/L1C_N0500/2019/01/07/S2A_MSIL1C_20190107T102411_N0500_R065_T32TNR_20221216T074126.SAFE,"geography'SRID=4326;POLYGON ((8.99974146026188 46.0535743699525, 8.99974595359858 45.0652599944736, 10.3942538709884 45.0567485930578, 10.4189041443534 46.0447662268356, 8.99974146026188 46.0535743699525))'","{'type': 'Polygon', 'coordinates': [[[8.99974146026188, 46.0535743699525], [8.99974595359858, 45.0652599944736], [10.3942538709884, 45.0567485930578], [10.4189041443534, 46.0447662268356], [8.99974146026188, 46.0535743699525]]]}",0.588999372928424,/mnt/disk/dataset/sentinel-ai-processor/V3/train/input/S2A_MSIL1C_20190107T102411_N0500_R065_T32TNR_20221216T074126,500,100.0
S2A_MSIL1C_20211019T104051_N0500_R008_T31TEM,S2A_MSIL1C_20211019T104051_N0500_R008_T31TEM_20230105T173515.SAFE,s3://eodata/Sentinel-2/MSI/L1C_N0500/2021/10/19/S2A_MSIL1C_20211019T104051_N0500_R008_T31TEM_20230105T173515.SAFE,"geography'SRID=4326;POLYGON ((2.99973715756221 46.9537091792133, 2.9997418700468 45.9655511485164, 4.41665610160656 45.9567698590758, 4.44250809794547 46.9446214414028, 2.99973715756221 46.9537091792133))'","{'type': 'Polygon', 'coordinates': [[[2.99973715756221, 46.9537091792133], [2.9997418700468, 45.9655511485164], [4.41665610160656, 45.9567698590758], [4.44250809794547, 46.9446214414028], [2.99973715756221, 46.9537091792133]]]}",6.314670488817219,/mnt/disk/dataset/sentinel-ai-processor/V3/train/input/S2A_MSIL1C_20211019T104051_N0500_R008_T31TEM_20230105T173515,500,100.0
S2B_MSIL1C_20220731T103629_N0510_R008_T31TFL,S2B_MSIL1C_20220731T103629_N0510_R008_T31TFL_20240718T023139.SAFE,s3://eodata/Sentinel-2/MSI/L1C_N0500/2022/07/31/S2B_MSIL1C_20220731T103629_N0510_R008_T31TFL_20240718T023139.SAFE,"geography'SRID=4326;POLYGON ((4.292532035833302 46.046265456303395, 4.270075671777485 45.05819732058294, 5.663504207768548 45.034190140253024, 5.710544147597723 46.02142174250963, 4.292532035833302 46.046265456303395))'","{'type': 'Polygon', 'coordinates': [[[4.292532035833302, 46.046265456303395], [4.270075671777485, 45.05819732058294], [5.663504207768548, 45.034190140253024], [5.710544147597723, 46.02142174250963], [4.292532035833302, 46.046265456303395]]]}",7.93048463674639,/mnt/disk/dataset/sentinel-ai-processor/V3/train/input/S2B_MSIL1C_20220731T103629_N0510_R008_T31TFL_20240718T023139,510,100.0
S2A_MSIL1C_20230211T104151_N0510_R008_T31TFL,S2A_MSIL1C_20230211T104151_N0510_R008_T31TFL_20240814T165847.SAFE,s3://eodata/Sentinel-2/MSI/L1C_N0500/2023/02/11/S2A_MSIL1C_20230211T104151_N0510_R008_T31TFL_20240814T165847.SAFE,"geography'SRID=4326;POLYGON ((4.292532035833302 46.046265456303395, 4.270075671777485 45.05819732058294, 5.663504207768548 45.034190140253024, 5.710544147597723 46.02142174250963, 4.292532035833302 46.046265456303395))'","{'type': 'Polygon', 'coordinates': [[[4.292532035833302, 46.046265456303395], [4.270075671777485, 45.05819732058294], [5.663504207768548, 45.034190140253024], [5.710544147597723, 46.02142174250963], [4.292532035833302, 46.046265456303395]]]}",29.4157185941652,/mnt/disk/dataset/sentinel-ai-processor/V3/train/input/S2A_MSIL1C_20230211T104151_N0510_R008_T31TFL_20240814T165847,510,100.0
S2A_MSIL1C_20180919T102021_N0500_R065_T32UPV,S2A_MSIL1C_20180919T102021_N0500_R065_T32UPV_20230707T161354.SAFE,s3://eodata/Sentinel-2/MSI/L1C_N0500/2018/09/19/S2A_MSIL1C_20180919T102021_N0500_R065_T32UPV_20230707T161354.SAFE,"geography'SRID=4326;POLYGON ((10.3851737331767 49.6444367024406, 10.3579107698519 48.6570271785678, 11.8474784519468 48.629821575704, 11.9045727629022 49.6162737219267, 10.3851737331767 49.6444367024406))'","{'type': 'Polygon', 'coordinates': [[[10.3851737331767, 49.6444367024406], [10.3579107698519, 48.6570271785678], [11.8474784519468, 48.629821575704], [11.9045727629022, 49.6162737219267], [10.3851737331767, 49.6444367024406]]]}",26.1822688046821,/mnt/disk/dataset/sentinel-ai-processor/V3/train/input/S2A_MSIL1C_20180919T102021_N0500_R065_T32UPV_20230707T161354,500,100.0
S2A_MSIL1C_20190602T104031_N0500_R008_T31UGR,S2A_MSIL1C_20190602T104031_N0500_R008_T31UGR_20230722T182414.SAFE,s3://eodata/Sentinel-2/MSI/L1C_N0500/2019/06/02/S2A_MSIL1C_20190602T104031_N0500_R008_T31UGR_20230722T182414.SAFE,"geography'SRID=4326;POLYGON ((5.82076894501528 50.518113703503, 5.76354514760136 49.531744406219, 7.27737038166283 49.485620292303, 7.365742763507 50.4703606309858, 5.82076894501528 50.518113703503))'","{'type': 'Polygon', 'coordinates': [[[5.82076894501528, 50.518113703503], [5.76354514760136, 49.531744406219], [7.27737038166283, 49.485620292303], [7.365742763507, 50.4703606309858], [5.82076894501528, 50.518113703503]]]}",7.0725611394786405,/mnt/disk/dataset/sentinel-ai-processor/V3/train/input/S2A_MSIL1C_20190602T104031_N0500_R008_T31UGR_20230722T182414,500,100.0
S2A_MSIL1C_20240726T100601_N0511_R022_T32TPR,S2A_MSIL1C_20240726T100601_N0511_R022_T32TPR_20240726T171032.SAFE,s3://eodata/Sentinel-2/MSI/L1C/2024/07/26/S2A_MSIL1C_20240726T100601_N0511_R022_T32TPR_20240726T171032.SAFE,"geography'SRID=4326;POLYGON ((10.2925320358333 46.046265456303395, 10.270075671777485 45.05819732058294, 11.663504207768549 45.034190140253024, 11.710544147597721 46.02142174250963, 10.2925320358333 46.046265456303395))'","{'type': 'Polygon', 'coordinates': [[[10.2925320358333, 46.046265456303395], [10.270075671777485, 45.05819732058294], [11.663504207768549, 45.034190140253024], [11.710544147597721, 46.02142174250963], [10.2925320358333, 46.046265456303395]]]}",20.013915016871,/mnt/disk/dataset/sentinel-ai-processor/V3/train/input/S2A_MSIL1C_20240726T100601_N0511_R022_T32TPR_20240726T171032,511,100.0
S2B_MSIL1C_20190319T104019_N0500_R008_T31TFL,S2B_MSIL1C_20190319T104019_N0500_R008_T31TFL_20221114T094046.SAFE,s3://eodata/Sentinel-2/MSI/L1C_N0500/2019/03/19/S2B_MSIL1C_20190319T104019_N0500_R008_T31TFL_20221114T094046.SAFE,"geography'SRID=4326;POLYGON ((4.2925320358333 46.0462654563034, 4.27007567177748 45.0581973205829, 5.66350420776855 45.034190140253, 5.71054414759772 46.0214217425096, 4.2925320358333 46.0462654563034))'","{'type': 'Polygon', 'coordinates': [[[4.2925320358333, 46.0462654563034], [4.27007567177748, 45.0581973205829], [5.66350420776855, 45.034190140253], [5.71054414759772, 46.0214217425096], [4.2925320358333, 46.0462654563034]]]}",26.743557586073,/mnt/disk/dataset/sentinel-ai-processor/V3/train/input/S2B_MSIL1C_20190319T104019_N0500_R008_T31TFL_20221114T094046,500,100.0
S2B_MSIL1C_20230312T101729_N0510_R065_T32TNR,S2B_MSIL1C_20230312T101729_N0510_R065_T32TNR_20240818T135423.SAFE,s3://eodata/Sentinel-2/MSI/L1C_N0500/2023/03/12/S2B_MSIL1C_20230312T101729_N0510_R065_T32TNR_20240818T135423.SAFE,"geography'SRID=4326;POLYGON ((8.99974146026188 46.05357436995249, 8.999745953598584 45.06525999447365, 10.394253870988432 45.05674859305782, 10.41890414435335 46.044766226835556, 8.99974146026188 46.05357436995249))'","{'type': 'Polygon', 'coordinates': [[[8.99974146026188, 46.05357436995249], [8.999745953598584, 45.06525999447365], [10.394253870988432, 45.05674859305782], [10.41890414435335, 46.044766226835556], [8.99974146026188, 46.05357436995249]]]}",1.11651587088298,/mnt/disk/dataset/sentinel-ai-processor/V3/train/input/S2B_MSIL1C_20230312T101729_N0510_R065_T32TNR_20240818T135423,510,100.0
S2B_MSIL1C_20241227T104349_N0511_R008_T31UFR,S2B_MSIL1C_20241227T104349_N0511_R008_T31UFR_20241227T123454.SAFE,s3://eodata/Sentinel-2/MSI/L1C/2024/12/27/S2B_MSIL1C_20241227T104349_N0511_R008_T31UFR_20241227T123454.SAFE,"geography'SRID=4326;POLYGON ((4.411349506049253 50.543739174288454, 4.382684363173013 49.55649445196309, 5.899359688454207 49.52841829443089, 5.959386076289571 50.5146700159563, 4.411349506049253 50.543739174288454))'","{'type': 'Polygon', 'coordinates': [[[4.411349506049253, 50.543739174288454], [4.382684363173013, 49.55649445196309], [5.899359688454207, 49.52841829443089], [5.959386076289571, 50.5146700159563], [4.411349506049253, 50.543739174288454]]]}",22.321269670638,/mnt/disk/dataset/sentinel-ai-processor/V3/train/input/S2B_MSIL1C_20241227T104349_N0511_R008_T31UFR_20241227T123454,511,100.0
S2A_MSIL1C_20210526T102021_N0500_R065_T32TMR,S2A_MSIL1C_20210526T102021_N0500_R065_T32TMR_20230226T045747.SAFE,s3://eodata/Sentinel-2/MSI/L1C_N0500/2021/05/26/S2A_MSIL1C_20210526T102021_N0500_R065_T32TMR_20230226T045747.SAFE,"geography'SRID=4326;POLYGON ((7.70695108472353 46.0462596089832, 7.72941642306786 45.0581916702363, 9.12397449851132 45.0651927065434, 9.12616723722405 46.0535047357316, 7.70695108472353 46.0462596089832))'","{'type': 'Polygon', 'coordinates': [[[7.70695108472353, 46.0462596089832], [7.72941642306786, 45.0581916702363], [9.12397449851132, 45.0651927065434], [9.12616723722405, 46.0535047357316], [7.70695108472353, 46.0462596089832]]]}",15.549135537042,/mnt/disk/dataset/sentinel-ai-processor/V3/train/input/S2A_MSIL1C_20210526T102021_N0500_R065_T32TMR_20230226T045747,500,100.0
S2A_MSIL1C_20201018T102041_N0500_R065_T32TNR,S2A_MSIL1C_20201018T102041_N0500_R065_T32TNR_20230414T050856.SAFE,s3://eodata/Sentinel-2/MSI/L1C_N0500/2020/10/18/S2A_MSIL1C_20201018T102041_N0500_R065_T32TNR_20230414T050856.SAFE,"geography'SRID=4326;POLYGON ((8.99974146026188 46.0535743699525, 8.99974595359858 45.0652599944736, 10.3942538709884 45.0567485930578, 10.4189041443534 46.0447662268356, 8.99974146026188 46.0535743699525))'","{'type': 'Polygon', 'coordinates': [[[8.99974146026188, 46.0535743699525], [8.99974595359858, 45.0652599944736], [10.3942538709884, 45.0567485930578], [10.4189041443534, 46.0447662268356], [8.99974146026188, 46.0535743699525]]]}",16.9117322105766,/mnt/disk/dataset/sentinel-ai-processor/V3/train/input/S2A_MSIL1C_20201018T102041_N0500_R065_T32TNR_20230414T050856,500,100.0
S2B_MSIL1C_20210121T102239_N0500_R065_T32UPU,S2B_MSIL1C_20210121T102239_N0500_R065_T32UPU_20230611T075725.SAFE,s3://eodata/Sentinel-2/MSI/L1C_N0500/2021/01/21/S2B_MSIL1C_20210121T102239_N0500_R065_T32UPU_20230611T075725.SAFE,"geography'SRID=4326;POLYGON ((10.3602792462837 48.7449841116978, 10.3343313489668 47.7574097373474, 11.7980947153029 47.7310444777451, 11.8524387084731 48.7176947511785, 10.3602792462837 48.7449841116978))'","{'type': 'Polygon', 'coordinates': [[[10.3602792462837, 48.7449841116978], [10.3343313489668, 47.7574097373474], [11.7980947153029, 47.7310444777451], [11.8524387084731, 48.7176947511785], [10.3602792462837, 48.7449841116978]]]}",29.6363880677237,/mnt/disk/dataset/sentinel-ai-processor/V3/train/input/S2B_MSIL1C_20210121T102239_N0500_R065_T32UPU_20230611T075725,500,100.0
S2B_MSIL1C_20190105T103429_N0500_R108_T31TGL,S2B_MSIL1C_20190105T103429_N0500_R108_T31TGL_20221203T114946.SAFE,s3://eodata/Sentinel-2/MSI/L1C_N0500/2019/01/05/S2B_MSIL1C_20190105T103429_N0500_R108_T31TGL_20221203T114946.SAFE,"geography'SRID=4326;POLYGON ((5.58354883959714 46.0243650756893, 5.53870686346421 45.0370344030641, 6.93003339104157 44.997587612457, 6.99932055993755 45.9835452069264, 5.58354883959714 46.0243650756893))'","{'type': 'Polygon', 'coordinates': [[[5.58354883959714, 46.0243650756893], [5.53870686346421, 45.0370344030641], [6.93003339104157, 44.997587612457], [6.99932055993755, 45.9835452069264], [5.58354883959714, 46.0243650756893]]]}",27.4776792379587,/mnt/disk/dataset/sentinel-ai-processor/V3/train/input/S2B_MSIL1C_20190105T103429_N0500_R108_T31TGL_20221203T114946,500,100.0
S2B_MSIL1C_20200509T102559_N0500_R108_T32TMT,S2B_MSIL1C_20200509T102559_N0500_R108_T32TMT_20230503T040402.SAFE,s3://eodata/Sentinel-2/MSI/L1C_N0500/2020/05/09/S2B_MSIL1C_20200509T102559_N0500_R108_T32TMT_20230503T040402.SAFE,"geography'SRID=4326;POLYGON ((7.66286529044567 47.8459148273097, 7.68758850047601 46.8581759579721, 9.12805716115114 46.8656282477783, 9.1304703619168 47.8536277119106, 7.66286529044567 47.8459148273097))'","{'type': 'Polygon', 'coordinates': [[[7.66286529044567, 47.8459148273097], [7.68758850047601, 46.8581759579721], [9.12805716115114, 46.8656282477783], [9.1304703619168, 47.8536277119106], [7.66286529044567, 47.8459148273097]]]}",5.06148287497387,/mnt/disk/dataset/sentinel-ai-processor/V3/train/input/S2B_MSIL1C_20200509T102559_N0500_R108_T32TMT_20230503T040402,500,100.0
S2B_MSIL1C_20190303T102019_N0500_R065_T32TNS,S2B_MSIL1C_20190303T102019_N0500_R065_T32TNS_20221112T033003.SAFE,s3://eodata/Sentinel-2/MSI/L1C_N0500/2019/03/03/S2B_MSIL1C_20190303T102019_N0500_R065_T32TNS_20221112T033003.SAFE,"geography'SRID=4326;POLYGON ((8.99973715756221 46.9537091792133, 8.9997418700468 45.9655511485164, 10.4166561016066 45.9567698590758, 10.4425080979455 46.9446214414028, 8.99973715756221 46.9537091792133))'","{'type': 'Polygon', 'coordinates': [[[8.99973715756221, 46.9537091792133], [8.9997418700468, 45.9655511485164], [10.4166561016066, 45.9567698590758], [10.4425080979455, 46.9446214414028], [8.99973715756221, 46.9537091792133]]]}",10.8386037206247,/mnt/disk/dataset/sentinel-ai-processor/V3/train/input/S2B_MSIL1C_20190303T102019_N0500_R065_T32TNS_20221112T033003,500,100.0
S2B_MSIL1C_20191214T104339_N0500_R008_T31UFP,S2B_MSIL1C_20191214T104339_N0500_R008_T31UFP_20230608T094319.SAFE,s3://eodata/Sentinel-2/MSI/L1C_N0500/2019/12/14/S2B_MSIL1C_20191214T104339_N0500_R008_T31UFP_20230608T094319.SAFE,"geography'SRID=4326;POLYGON ((4.36027924628366 48.7449841116978, 4.3343313489668 47.7574097373474, 5.79809471530293 47.7310444777451, 5.85243870847307 48.7176947511785, 4.36027924628366 48.7449841116978))'","{'type': 'Polygon', 'coordinates': [[[4.36027924628366, 48.7449841116978], [4.3343313489668, 47.7574097373474], [5.79809471530293, 47.7310444777451], [5.85243870847307, 48.7176947511785], [4.36027924628366, 48.7449841116978]]]}",23.704410403416,/mnt/disk/dataset/sentinel-ai-processor/V3/train/input/S2B_MSIL1C_20191214T104339_N0500_R008_T31UFP_20230608T094319,500,100.0
S2A_MSIL1C_20200125T103321_N0500_R108_T32TLT,S2A_MSIL1C_20200125T103321_N0500_R108_T32TLT_20230603T075757.SAFE,s3://eodata/Sentinel-2/MSI/L1C_N0500/2020/01/25/S2A_MSIL1C_20200125T103321_N0500_R108_T32TLT_20230603T075757.SAFE,"geography'SRID=4326;POLYGON ((6.32792675946482 47.8225951273107, 6.37728036216783 46.8356437141635, 7.81664846691532 46.8595830838483, 7.79435498889108 47.8473711523488, 6.32792675946482 47.8225951273107))'","{'type': 'Polygon', 'coordinates': [[[6.32792675946482, 47.8225951273107], [6.37728036216783, 46.8356437141635], [7.81664846691532, 46.8595830838483], [7.79435498889108, 47.8473711523488], [6.32792675946482, 47.8225951273107]]]}",19.0836394039834,/mnt/disk/dataset/sentinel-ai-processor/V3/train/input/S2A_MSIL1C_20200125T103321_N0500_R108_T32TLT_20230603T075757,500,100.0
